Name,Cover URL,Description,Hex Code Color
welcome to the poppyverse,,"The Poppyverse's front door -- workplace comedy, growing pains, and everyday life for pilots and their mechanized partners, before things get complicated.",#E8453B
deeper into the poppyverse,,"Same multiverse branch, deeper layers, fewer safety rails.",#8A2A22
sheep milk latte,,"Retired PILOT and DONOR run a sheep ranch, vend baked goods at farmers markets, and raise kids on bedtime stories that may violate a federal NDA.",#C9A26B
lilyverse,,"DONOR keeps summoning a hologram with a familiar face and voice, and keeps being surprised by how much it still affects her.",#E3A03B
spider lilyverse,,"A reflective branch strung together with spider lilies, gold repair, and the things PILOT and DONOR keep trying to protect for each other.",#D9722E
anomalies in pink,,Alternate versions of the same mech souls keep meeting each other across the multiverse to compare notes on their pilots.,#E8478F
apple-y ever after,,"PILOT and DONOR live ordinary Apple Park tech lives, except reality keeps hairline-fracturing around them into timelines they never expected.",#3BE38F
area fifty-done,,"A top secret research base where the hallways forget basic geography, the elevator remembers people, and the incident log gave up trying to make sense of any of it.",#8FA83B
in another world,,"PILOT and DONOR's regular life, if regular life included extradimensional mech children, cemetery-adjacent small talk, and grocery-store readiness.",#3B9EE3
innately unabsolvable,,"The largest branch of the multiverse, and nobody's fully sure why.",#4A5A9E
things to do in dc,,"A sightseeing tour of Washington DC where the monuments answer back, the National Mall glows colored light, and the strangest variable is a woman named Iris with a working phone number.",#D63BC2
ultravioletverse,,"Live in the shadows, work in the shadows.",#8B3BE3
desert roseverse,,A sun-bleached branch where the desert mirages aren’t the weirdest thing around.,#E3955C
shibuya-verse,,"A writer publicly interrogates her own relationship to character arcs, identity, and spectacle, live, in manga panel form.",#3BE3B1
houston houston,,The Johnson Space Center Visitor Center has some unfiled anomalies.,#3BC7E3
beyond the poppyverse,,"Where the metaphors go cosmic -- souls, stars, and the site's own thesis statements about what any of this actually means.",#4B2FBF
fireweedverse,,"A universe branch grown in the burn scar of Fire Force: spontaneous human combustion, Infernals, Company 8, and the terrible things that grow from bodies the fire did not finish.",#E8592E
psi-verse,,A crossover fusion with The Darkest Minds — a federal task force hunts psychic kids who'd rather just be left alone. Somewhere between a jailbreak and a eulogy.,#6B4CE3
the 43,,"A half-assed, failed fusion attempt with the 86 (Eighty-Six) universe — we tried to reach 86 but only made it halfway through the fourth wall before getting stuck. 86 divided by 2 is 43. Yay math. Welcome to the 43.",#A83BE3
to be hero y,,"A hero economy runs on belief instead of money, and the newest icon used to be a firefighter with an ordinary apartment and a coffee habit.",#E3C23B
tout a toulouse,,A French aerospace branch where the callsigns are prettier and the radio still crackles with the same old numbers station.,#E38FA8
pelagoverse,,"A universe branch where PILOT, UNIT, and Sae wash up as marine mammals, adopt a very large stray, and slowly get absorbed into the extended family of an ever-larger sea squirt.",#2E7FD9
